version,clip,n_frames,J,F,JF,psnr,psnr_mask,ssim,flicker,flicker_ref,grounding_iou,grounding_hit,spf_ground,spf_segment,spf_refine,spf_inpaint,spf_total,timestamp
I1,dog_on_soapbox,60,0.9877,0.9982,0.9929,22.7869,13.6156,0.9194,22.6253,4.8038,,,,1.8999,0.0023,0.0366,1.9388,2026-10-05T17:03:08
I1,camel_on_drift-straight,50,0.9871,0.9996,0.9934,21.9864,14.4127,0.8778,29.503,12.6137,,,,1.2124,0.0023,0.0454,1.2601,2026-10-05T17:03:08
I1,blackswan_on_car-roundabout,50,0.9806,0.9958,0.9882,23.0669,13.7933,0.9321,9.9608,5.7911,,,,1.1968,0.0022,0.0356,1.2346,2026-10-05T17:03:08
I1,goat_on_kite-surf,50,0.973,0.9945,0.9838,30.2321,19.7623,0.9536,12.4927,7.7302,,,,1.1821,0.0022,0.0298,1.2141,2026-10-05T17:03:08
I1,libby_on_scooter-black,43,0.4934,0.697,0.5952,24.9004,11.4466,0.9676,34.2265,13.0866,,,,1.3007,0.002,0.0189,1.3216,2026-10-05T17:03:08
I1,cows_on_paragliding-launch,60,0.9751,0.9724,0.9738,26.7174,18.5322,0.924,8.2387,4.9455,,,,1.3589,0.0022,0.0417,1.4028,2026-10-05T17:03:08
I1,parkour_on_bike-packing,60,0.9503,0.9907,0.9705,27.5856,14.3835,0.9665,24.1857,8.6722,,,,1.3172,0.0022,0.027,1.3464,2026-10-05T17:03:08
I1,breakdance_on_india,60,0.9814,0.9964,0.9889,26.9419,17.3908,0.9482,20.4524,10.0686,,,,1.3476,0.0023,0.0346,1.3845,2026-10-05T17:03:08
I1,horsejump-high_on_gold-fish,50,0.9341,0.9772,0.9557,29.7726,17.0116,0.9756,13.3565,4.5626,,,,1.3539,0.0021,0.0247,1.3807,2026-10-05T17:03:08
I1,car-shadow_on_lab-coat,40,0.9802,0.9976,0.9889,26.5344,14.7228,0.96,14.1409,3.9997,,,,1.2923,0.002,0.0269,1.3212,2026-10-05T17:03:08
I3,dog_on_soapbox,60,0.9877,0.9982,0.9929,24.5341,15.3616,0.9205,16.3682,4.8038,,,,1.8999,0.001,0.1606,2.0615,2026-10-05T17:06:34
I3,camel_on_drift-straight,50,0.9871,0.9996,0.9934,21.5918,14.0134,0.8795,26.7097,12.6137,,,,1.2124,0.0013,0.1998,1.4135,2026-10-05T17:06:34
I3,blackswan_on_car-roundabout,50,0.9806,0.9958,0.9882,23.2672,13.9929,0.935,9.7073,5.7911,,,,1.1968,0.0011,0.1719,1.3698,2026-10-05T17:06:34
I3,goat_on_kite-surf,50,0.973,0.9945,0.9838,29.428,18.9544,0.9513,12.3884,7.7302,,,,1.1821,0.0013,0.1523,1.3357,2026-10-05T17:06:34
I3,libby_on_scooter-black,43,0.4934,0.697,0.5952,24.841,11.3634,0.9691,29.8996,13.0866,,,,1.3007,0.001,0.1163,1.418,2026-10-05T17:06:34
I3,cows_on_paragliding-launch,60,0.9751,0.9724,0.9738,27.199,19.0027,0.9267,7.9531,4.9455,,,,1.3589,0.0012,0.1879,1.548,2026-10-05T17:06:34
I3,parkour_on_bike-packing,60,0.9503,0.9907,0.9705,28.8318,15.6035,0.9696,17.9509,8.6722,,,,1.3172,0.0012,0.1354,1.4538,2026-10-05T17:06:34
I3,breakdance_on_india,60,0.9814,0.9964,0.9889,25.5362,15.855,0.9353,20.2711,10.0686,,,,1.3476,0.0013,0.1588,1.5077,2026-10-05T17:06:34
I3,horsejump-high_on_gold-fish,50,0.9341,0.9772,0.9557,33.1422,20.3658,0.9777,8.9159,4.5626,,,,1.3539,0.0011,0.1321,1.4871,2026-10-05T17:06:34
I3,car-shadow_on_lab-coat,40,0.9802,0.9976,0.9889,27.07,15.2551,0.9589,12.8436,3.9997,,,,1.2923,0.0011,0.1388,1.4322,2026-10-05T17:06:34
I3b,dog_on_soapbox,60,0.9877,0.9982,0.9929,25.0743,15.9018,0.9248,16.6573,4.8038,,,,1.8999,0.0011,0.1752,2.0762,2026-10-05T17:20:40
I3b,camel_on_drift-straight,50,0.9871,0.9996,0.9934,22.6302,15.0518,0.8828,26.1611,12.6137,,,,1.2124,0.0013,0.2127,1.4264,2026-10-05T17:20:40
I3b,blackswan_on_car-roundabout,50,0.9806,0.9958,0.9882,23.4654,14.1911,0.9356,10.088,5.7911,,,,1.1968,0.0014,0.1792,1.3774,2026-10-05T17:20:40
I3b,goat_on_kite-surf,50,0.973,0.9945,0.9838,30.623,20.1494,0.953,12.0118,7.7302,,,,1.1821,0.0012,0.1663,1.3496,2026-10-05T17:20:40
I3b,libby_on_scooter-black,43,0.4934,0.697,0.5952,24.8537,11.3761,0.9693,29.9199,13.0866,,,,1.3007,0.0009,0.1217,1.4233,2026-10-05T17:20:40
I3b,cows_on_paragliding-launch,60,0.9751,0.9724,0.9738,27.355,19.154,0.9281,8.2322,4.9455,,,,1.3589,0.0012,0.1966,1.5567,2026-10-05T17:20:40
I3b,parkour_on_bike-packing,60,0.9503,0.9907,0.9705,29.3209,16.0928,0.9705,18.25,8.6722,,,,1.3172,0.0012,0.1413,1.4597,2026-10-05T17:20:40
I3b,breakdance_on_india,60,0.9814,0.9964,0.9889,26.7796,17.0984,0.9416,18.6296,10.0686,,,,1.3476,0.0019,0.1661,1.5156,2026-10-05T17:20:40
I3b,horsejump-high_on_gold-fish,50,0.9341,0.9772,0.9557,32.7409,19.966,0.9783,9.2851,4.5626,,,,1.3539,0.0011,0.1376,1.4926,2026-10-05T17:20:40
I3b,car-shadow_on_lab-coat,40,0.9802,0.9976,0.9889,27.8373,16.0224,0.9618,13.8961,3.9997,,,,1.2923,0.0011,0.1443,1.4377,2026-10-05T17:20:40
B0,dog_on_soapbox,60,0.9877,0.9982,0.9929,23.4822,14.3097,0.9252,21.1821,4.8038,,,,1.8999,0.0013,0.0377,1.9389,2026-10-05T17:23:06
B0,camel_on_drift-straight,50,0.9871,0.9996,0.9934,22.7884,15.21,0.8922,27.047,12.6137,,,,1.2124,0.0013,0.0428,1.2565,2026-10-05T17:23:06
B0,blackswan_on_car-roundabout,50,0.9806,0.9958,0.9882,23.6663,14.392,0.9354,11.187,5.7911,,,,1.1968,0.0012,0.0344,1.2324,2026-10-05T17:23:06
B0,goat_on_kite-surf,50,0.973,0.9945,0.9838,30.945,20.4714,0.9571,12.8256,7.7302,,,,1.1821,0.0012,0.0287,1.212,2026-10-05T17:23:06
B0,libby_on_scooter-black,43,0.4934,0.697,0.5952,25.613,12.1352,0.9711,32.8975,13.0866,,,,1.3007,0.0011,0.0193,1.3211,2026-10-05T17:23:06
B0,cows_on_paragliding-launch,60,0.9751,0.9724,0.9738,27.0857,18.8815,0.9298,9.5353,4.9455,,,,1.3589,0.0012,0.0433,1.4034,2026-10-05T17:23:06
B0,parkour_on_bike-packing,60,0.9503,0.9907,0.9705,28.6977,15.4777,0.9702,23.2589,8.6722,,,,1.3172,0.0012,0.0267,1.3451,2026-10-05T17:23:06
B0,breakdance_on_india,60,0.9814,0.9964,0.9889,28.2697,18.5884,0.9519,20.7379,10.0686,,,,1.3476,0.0012,0.035,1.3838,2026-10-05T17:23:06
B0,horsejump-high_on_gold-fish,50,0.9341,0.9772,0.9557,32.0164,19.2384,0.9788,12.4958,4.5626,,,,1.3539,0.0011,0.0243,1.3793,2026-10-05T17:23:06
B0,car-shadow_on_lab-coat,40,0.9802,0.9976,0.9889,26.9896,15.1747,0.962,16.3638,3.9997,,,,1.2923,0.001,0.0279,1.3212,2026-10-05T17:23:06
I4,dog_on_soapbox,60,0.9877,0.9982,0.9929,30.4254,21.2532,0.9625,6.3238,4.8038,,,,1.8999,0.0011,1.5092,3.4102,2026-10-05T18:49:20
I4,camel_on_drift-straight,50,0.9871,0.9996,0.9934,29.1667,21.5884,0.9475,13.8817,12.6137,,,,1.2124,0.0013,1.4623,2.676,2026-10-05T18:49:20
I4,blackswan_on_car-roundabout,50,0.9806,0.9958,0.9882,26.9859,17.7118,0.9593,5.388,5.7911,,,,1.1968,0.0012,1.4885,2.6865,2026-10-05T18:49:20
I4,goat_on_kite-surf,50,0.973,0.9945,0.9838,35.27,24.7973,0.9646,5.8673,7.7302,,,,1.1821,0.0012,1.4397,2.623,2026-10-05T18:49:20
I4,libby_on_scooter-black,43,0.4934,0.697,0.5952,26.7316,13.2541,0.9756,27.6546,13.0866,,,,1.3007,0.001,1.5196,2.8213,2026-10-05T18:49:20
I4,cows_on_paragliding-launch,60,0.9751,0.9724,0.9738,29.5311,21.3394,0.9488,4.2617,4.9455,,,,1.3589,0.0012,2.9457,4.3058,2026-10-05T18:49:20
I4,parkour_on_bike-packing,60,0.9503,0.9907,0.9705,33.1904,19.9706,0.9825,9.4198,8.6722,,,,1.3172,0.0011,17.8222,19.1405,2026-10-05T18:49:20
I4,breakdance_on_india,60,0.9814,0.9964,0.9889,35.5249,25.8444,0.9784,9.9013,10.0686,,,,1.3476,0.0011,3.2606,4.6093,2026-10-05T18:49:20
I4,horsejump-high_on_gold-fish,50,0.9341,0.9772,0.9557,35.8799,23.1162,0.9875,4.9755,4.5626,,,,1.3539,0.0031,6.4363,7.7933,2026-10-05T18:49:20
I4,car-shadow_on_lab-coat,40,0.9802,0.9976,0.9889,34.3517,22.5391,0.9804,4.474,3.9997,,,,1.2923,0.003,2.9249,4.2202,2026-10-05T18:49:20
I2,dog_on_soapbox,60,0.9879,0.998,0.993,23.4578,14.2853,0.9248,21.2104,4.8038,0.9899,1,0.0746,2.5225,0.0012,0.0352,2.6335,2026-10-05T20:32:39
I2,camel_on_drift-straight,50,0.9875,0.9996,0.9936,22.7825,15.2042,0.8918,27.1411,12.6137,0.9902,1,0.0136,1.7565,0.0011,0.0599,1.8311,2026-10-05T20:32:39
I2,blackswan_on_car-roundabout,50,0.9835,0.9986,0.991,23.6235,14.3491,0.9382,10.2207,5.7911,0.9842,1,0.0139,2.7249,0.0013,0.0511,2.7912,2026-10-05T20:32:39
I2,goat_on_kite-surf,50,0.9726,0.9944,0.9835,30.987,20.5134,0.9574,12.7496,7.7302,0.9742,1,0.0142,2.8795,0.0012,0.0422,2.9371,2026-10-05T20:32:39
I2,libby_on_scooter-black,43,0.9247,0.9817,0.9532,28.5596,15.087,0.976,27.0016,13.0866,0.9519,1,0.0183,1.3584,0.0011,0.0222,1.4,2026-10-05T20:32:39
I2,cows_on_paragliding-launch,60,0.9562,0.9247,0.9404,23.197,14.9844,0.9216,12.0275,4.9455,0.9916,1,0.0142,1.1644,0.001,0.0384,1.218,2026-10-05T20:32:39
I2,parkour_on_bike-packing,60,0.0015,0.226,0.1138,21.628,12.0566,0.9231,31.5615,8.6722,0.1227,0,0.0204,1.1381,0.0013,0.0295,1.1893,2026-10-05T20:32:39
I2,breakdance_on_india,60,0.9808,0.9958,0.9883,28.2418,18.5605,0.9514,20.9437,10.0686,0.9742,1,0.0185,2.0281,0.0013,0.0472,2.0951,2026-10-05T20:32:39
I2,horsejump-high_on_gold-fish,50,0.9351,0.978,0.9566,32.068,19.2859,0.9788,12.6165,4.5626,0.9754,1,0.0234,2.3473,0.0009,0.0238,2.3954,2026-10-05T20:32:39
I2,car-shadow_on_lab-coat,40,0.9791,0.9981,0.9886,26.8844,15.0695,0.9623,16.2738,3.9997,0.9382,1,0.0327,3.0156,0.0009,0.0382,3.0874,2026-10-05T20:32:39
