version,clip,n_frames,J,F,JF,psnr,psnr_mask,ssim,flicker,flicker_ref,spf_segment,spf_refine,spf_inpaint,spf_total,timestamp
I3_max_hops-1,flamingo_on_surf,55,1.0,1.0,1.0,37.2952,25.9971,0.9883,6.3027,2.8017,0.001,0.0009,0.157,0.1589,2026-10-05T17:10:46
I3_max_hops-1,elephant_on_car-turn,60,1.0,1.0,1.0,26.8832,18.949,0.9136,9.25,4.4114,0.0017,0.0013,0.2044,0.2074,2026-10-05T17:10:46
I3_max_hops-1,lucia_on_hockey,60,1.0,1.0,1.0,37.1947,25.1432,0.9857,4.9248,2.7367,0.0015,0.0012,0.1458,0.1485,2026-10-05T17:10:46
I3_max_hops-1,rhino_on_bus,60,1.0,1.0,1.0,15.6636,8.4574,0.8744,14.1999,6.4487,0.0015,0.0012,0.22,0.2227,2026-10-05T17:10:46
I3_max_hops-1,bear_on_kite-walk,60,1.0,1.0,1.0,32.7295,23.8581,0.9675,3.5592,2.4769,0.0012,0.0011,0.1831,0.1854,2026-10-05T17:10:46
I3_max_hops-2,flamingo_on_surf,55,1.0,1.0,1.0,37.1756,25.8776,0.9878,6.3277,2.8017,0.0012,0.0013,0.1532,0.1557,2026-10-05T17:12:05
I3_max_hops-2,elephant_on_car-turn,60,1.0,1.0,1.0,27.0441,19.1099,0.9142,9.0085,4.4114,0.0013,0.0012,0.1998,0.2023,2026-10-05T17:12:05
I3_max_hops-2,lucia_on_hockey,60,1.0,1.0,1.0,37.4804,25.4289,0.9857,4.6067,2.7367,0.0014,0.0013,0.1458,0.1485,2026-10-05T17:12:05
I3_max_hops-2,rhino_on_bus,60,1.0,1.0,1.0,15.7267,8.5204,0.8751,13.8549,6.4487,0.0013,0.0011,0.2187,0.2211,2026-10-05T17:12:05
I3_max_hops-2,bear_on_kite-walk,60,1.0,1.0,1.0,32.9385,24.0671,0.9678,3.3858,2.4769,0.0012,0.0011,0.1806,0.1829,2026-10-05T17:12:05
I3_max_hops-3,flamingo_on_surf,55,1.0,1.0,1.0,36.9733,25.6753,0.9873,6.3636,2.8017,0.0013,0.0013,0.1527,0.1553,2026-10-05T17:13:24
I3_max_hops-3,elephant_on_car-turn,60,1.0,1.0,1.0,27.1279,19.1936,0.9143,8.9006,4.4114,0.0014,0.0013,0.2017,0.2044,2026-10-05T17:13:24
I3_max_hops-3,lucia_on_hockey,60,1.0,1.0,1.0,37.6303,25.5787,0.9857,4.4986,2.7367,0.0017,0.0014,0.1442,0.1473,2026-10-05T17:13:24
I3_max_hops-3,rhino_on_bus,60,1.0,1.0,1.0,15.7613,8.5551,0.8751,13.4437,6.4487,0.0014,0.0012,0.2159,0.2185,2026-10-05T17:13:24
I3_max_hops-3,bear_on_kite-walk,60,1.0,1.0,1.0,33.1072,24.2358,0.968,3.2536,2.4769,0.0013,0.0012,0.1809,0.1834,2026-10-05T17:13:24
I3_max_hops-5,flamingo_on_surf,55,1.0,1.0,1.0,36.3913,25.0932,0.9863,6.651,2.8017,0.0013,0.0013,0.1526,0.1552,2026-10-05T17:14:42
I3_max_hops-5,elephant_on_car-turn,60,1.0,1.0,1.0,27.2772,19.3429,0.9145,8.7317,4.4114,0.0013,0.0012,0.1957,0.1982,2026-10-05T17:14:42
I3_max_hops-5,lucia_on_hockey,60,1.0,1.0,1.0,37.8225,25.771,0.9857,4.3299,2.7367,0.0012,0.0012,0.1404,0.1428,2026-10-05T17:14:42
I3_max_hops-5,rhino_on_bus,60,1.0,1.0,1.0,15.8005,8.5943,0.8744,12.9109,6.4487,0.0012,0.0011,0.2152,0.2175,2026-10-05T17:14:42
I3_max_hops-5,bear_on_kite-walk,60,1.0,1.0,1.0,33.3176,24.4462,0.9682,3.0347,2.4769,0.0011,0.0011,0.1798,0.182,2026-10-05T17:14:42
I3_max_hops-8,flamingo_on_surf,55,1.0,1.0,1.0,35.2428,23.9447,0.9845,7.0384,2.8017,0.0014,0.0012,0.1571,0.1597,2026-10-05T17:16:02
I3_max_hops-8,elephant_on_car-turn,60,1.0,1.0,1.0,27.4435,19.5093,0.9144,8.4504,4.4114,0.0016,0.0013,0.1954,0.1983,2026-10-05T17:16:02
I3_max_hops-8,lucia_on_hockey,60,1.0,1.0,1.0,37.9887,25.9371,0.9857,4.1853,2.7367,0.0015,0.0013,0.1445,0.1473,2026-10-05T17:16:02
I3_max_hops-8,rhino_on_bus,60,1.0,1.0,1.0,15.87,8.6637,0.8736,12.5423,6.4487,0.0013,0.0011,0.2247,0.2271,2026-10-05T17:16:02
I3_max_hops-8,bear_on_kite-walk,60,1.0,1.0,1.0,33.4789,24.6075,0.9683,2.9022,2.4769,0.0016,0.0015,0.1829,0.186,2026-10-05T17:16:02
I3_max_hops-none,flamingo_on_surf,55,1.0,1.0,1.0,28.6951,17.3971,0.9782,7.6943,2.8017,0.0014,0.0013,0.1504,0.1531,2026-10-05T17:17:22
I3_max_hops-none,elephant_on_car-turn,60,1.0,1.0,1.0,28.1443,20.2101,0.9149,7.6227,4.4114,0.0016,0.0014,0.1901,0.1931,2026-10-05T17:17:22
I3_max_hops-none,lucia_on_hockey,60,1.0,1.0,1.0,38.0398,25.9883,0.9857,4.0618,2.7367,0.0015,0.0013,0.1422,0.145,2026-10-05T17:17:22
I3_max_hops-none,rhino_on_bus,60,1.0,1.0,1.0,16.168,8.9618,0.8712,11.9966,6.4487,0.0014,0.0012,0.2144,0.217,2026-10-05T17:17:22
I3_max_hops-none,bear_on_kite-walk,60,1.0,1.0,1.0,33.617,24.7456,0.9683,2.7842,2.4769,0.0013,0.0013,0.184,0.1866,2026-10-05T17:17:22
I3_method-opencv,flamingo_on_surf,55,1.0,1.0,1.0,36.9947,25.6967,0.9886,6.4603,2.8017,0.0011,0.001,0.0229,0.025,2026-10-05T17:18:04
I3_method-opencv,elephant_on_car-turn,60,1.0,1.0,1.0,26.542,18.6078,0.913,9.7395,4.4114,0.0012,0.0011,0.042,0.0443,2026-10-05T17:18:04
I3_method-opencv,lucia_on_hockey,60,1.0,1.0,1.0,36.4866,24.435,0.9855,5.222,2.7367,0.0012,0.0011,0.0247,0.027,2026-10-05T17:18:04
I3_method-opencv,rhino_on_bus,60,1.0,1.0,1.0,15.5603,8.354,0.8727,14.9994,6.4487,0.0011,0.0011,0.0468,0.049,2026-10-05T17:18:04
I3_method-opencv,bear_on_kite-walk,60,1.0,1.0,1.0,32.42,23.5486,0.9672,3.8347,2.4769,0.001,0.001,0.0362,0.0382,2026-10-05T17:18:04
